Sno,Deaths
15001,0.0014332523378249027
15002,0.0007046609233487957
15003,0.002317085143460224
15004,0.10160751540141869
15005,0.012426429079841941
15006,0.06292393785435536
15007,0.08734445180767252
15008,0.0014209802910929484
15009,0.1774541639054562
15010,0.051663721375451
15011,0.005236482340524755
15012,0.04087573325479221
15013,0.18392754583609452
15014,0.13421458900915487
15015,0.0002860614093218466
15016,0.11293301916893701
15017,0.0005772770782711144
15018,0.01843028250251575
15019,0.04489617848464765
15020,0.006142036668875639
15021,0.11502712122327767
15022,6.491912721203647e-05
15023,0.19684559310801866
15024,0.019533416783251115
15025,0.09385514076037602
15026,0.08674250791547014
15027,0.02438922023415066
15028,0.029678840537024784
15029,0.044542988979702026
15030,0.13947463367940502
15031,0.12825172422256587
15032,0.00038423778317747855
15033,0.0
15034,0.07369609503472989
15035,0.8691770365461544
15036,0.005314777998674618
15037,0.0014488378371744842
15038,0.0007635667476621751
15039,0.0023076356674766193
15040,0.0957422133863486
15041,0.012510247159021189
15042,0.06744446898853793
15043,0.10420575313550794
15044,0.0013835505485604892
15045,0.1803787153621482
15046,0.050559482610509764
15047,0.005390005645141499
15048,0.042349728787767195
15049,0.1857493311734531
15050,0.13541626782514776
15051,0.0002880249367989592
15052,0.11537343838205341
15053,0.0005830449402351326
15054,0.01885710428785311
15055,0.04509756277151901
15056,0.006114301843261421
15057,0.11559445794369591
15058,6.381464300616063e-05
15059,0.1974992023169625
15060,0.01965969614412292
15061,0.09410990845053137
15062,0.08857472449255088
15063,0.024980242004761555
15064,0.030261026433988678
15065,0.04482475517266768
15066,0.13510885305451242
15067,0.12431276538301067
15068,0.0004071865105662325
15069,5.1542596274206596e-06
15070,0.07278501828534967
15071,0.8729018481702374
15072,0.005353312225412954
15073,0.00147387281250767
15074,0.0008062734702893741
15075,0.002331688879071249
15076,0.09532226394718114
15077,0.01290295265444371
15078,0.0676044964779226
15079,0.1077447659720688
15080,0.0013923864222074958
15081,0.18176263407211052
15082,0.05069202071521487
15083,0.0054136906953341675
15084,0.04381083867167363
15085,0.18659806592543507
15086,0.13621272365805165
15087,0.0002892521414721546
15088,0.11427779004982459
15089,0.0005928625776206957
15090,0.019755908990501427
15091,0.04700193898338362
15092,0.006204255945806643
15093,0.11614952261738215
15094,6.271015880028476e-05
15095,0.20261161426502713
15096,0.019609012591119947
15097,0.09560108484893112
15098,0.0904316078835628
15099,0.02518371253957735
15100,0.03055383746901311
15101,0.04495127997447414
15102,0.13050376751834672
15103,0.12797437596642375
15104,0.0004203176005694232
15105,1.1781164862675804e-05
15106,0.0744997913752056
15107,0.8832995852048202
15108,0.005342390103821516
15109,0.001955918808138821
15110,0.0008314311660898798
15111,0.0023323024814078464
15112,0.09240163954544345
15113,0.012573693640625381
15114,0.06766855656186341
15115,0.10801683724811621
15116,0.0012302726848783835
15117,0.18303720884569127
15118,0.050775470632992155
15119,0.005408045553837471
15120,0.04470632992170432
15121,0.18622376850011044
15122,0.13650553469307605
15123,0.00029857889698843966
15124,0.116693665169477
15125,0.0005989986009866724
15126,0.020598384998650073
15127,0.046884740937093466
15128,0.006239108558525394
15129,0.11630893650443025
15130,8.418624058120419e-05
15131,0.20728431877868586
15132,0.019803892693223378
15133,0.09594580664163171
15134,0.09147792258792921
15135,0.0252725621579167
15136,0.031105834131016388
15137,0.04558439486537564
15138,0.12448715116707167
15139,0.12849556979112983
15140,0.0004209312029060209
15141,1.558549934958154e-05
15142,0.07738728125076705
15143,0.8839751613774146
15144,0.00530410131801782
15145,0.0024476597206882157
15146,0.0008568343028250246
15147,0.0023719411923520577
15148,0.09119272022187865
15149,0.0132627690646246
15150,0.06798897970203475
15151,0.10981088775986057
15152,0.001208060280293547
15153,0.18943303144098372
15154,0.05094114326387353
15155,0.005495177085634343
15156,0.0454724737991802
15157,0.1872465208747515
15158,0.13684350686007413
15159,0.00030655572736420974
15160,0.11733892938664318
15161,0.0006021893331369806
15162,0.02242458827283213
15163,0.046641877132268084
15164,0.0063980315637042
15165,0.1186220945929363
15166,8.418624058120419e-05
15167,0.2064730137692364
15168,0.020473087401516824
15169,0.09705875855975261
15170,0.0943612399676018
15171,0.026309550106766815
15172,0.032039614166850756
15173,0.04596495103453353
15174,0.1257963331124366
15175,0.12414586554745609
15176,0.00045774734310188273
15177,1.399013327442753e-05
15178,0.07652958790467075
15179,0.8867309721915418
15180,0.005203961416685075
15181,0.0026618069361608126
15182,0.0008952458090960406
15183,0.0023832314753454552
15184,0.08656603588346468
15185,0.01316213828142258
15186,0.07031588248288051
15187,0.10997508774513413
15188,0.0012345679012345677
15189,0.18795179540043694
15190,0.05131298627985176
15191,0.00554708784331051
15192,0.047478217117050775
15193,0.1836390300174263
15194,0.13871425766389323
15195,0.0003033649952139017
15196,0.11753245956360611
15197,0.0006415826031465527
15198,0.023167660702451943
15199,0.04688412733475686
15200,0.006439020199788926
15201,0.11874751491053681
15202,9.633556684583858e-05
15203,0.2080970964337433
15204,0.021008762241366618
15205,0.09679834572810053
15206,0.09278649093095748
15207,0.026487372063912832
15208,0.03391380114375477
15209,0.04602483862258547
15210,0.1282258302039615
15211,0.1401583094028423
15212,0.0004572564612326046
15213,1.6444542620818328e-05
15214,0.07954421618437521
15215,0.8866866701028396
15216,0.005251576958005057
15217,0.002933264609871634
15218,0.0009631102275237459
15219,0.0023828633139434965
15220,0.08475431362442631
15221,0.013613626880691166
15222,0.07108349900596424
15223,0.11158223498515082
15224,0.001246962668433841
15225,0.18773482561421603
15226,0.05123284981469209
15227,0.005714601281201679
15228,0.0496665684902928
15229,0.18564563237856807
15230,0.14052806617087596
15231,0.0003066784478315293
15232,0.11736703237365932
15233,0.000648945831185725
15234,0.02333971479763394
15235,0.04778931350170578
15236,0.00644908327810913
15237,0.11914095672876325
15238,9.805365338831213e-05
15239,0.2092042804899001
15240,0.02169832854723511
15241,0.09727646466877751
15242,0.09673551284883297
15243,0.026954446162531
15244,0.03502638490047371
15245,0.045944702157425826
15246,0.11647767714699458
15247,0.13220700488427467
15248,0.0004581155045038414
15249,2.46668139312275e-05
15250,0.08114682276710113
15251,0.887148958103232
15252,0.005210711042387652
15253,0.003031563704194586
15254,0.000984709029771985
15255,0.0025318459612694195
15256,0.08623383157843069
15257,0.013828633139435
15258,0.07062943327688193
15259,0.11294197776305133
15260,0.0013048867290086639
15261,0.1838206563090592
15262,0.051285742336106825
15263,0.005554573791817
15264,0.04988783349286992
15265,0.18251478781631195
15266,0.1416013793780527
15267,0.0003038558770831799
15268,0.11903983506369198
15269,0.0006852710895123085
15270,0.02370174017622658
15271,0.045897086616105816
15272,0.006469700316618809
15273,0.12059899860098669
15274,0.00010529416096016495
15275,0.20778575460815346
15276,0.021999975455906536
15277,0.09711005571509221
15278,0.0961084112608301
15279,0.02733046167439808
15280,0.035625874383329655
15281,0.04648958103232457
15282,0.129303684068429
15283,0.13342463736101912
15284,0.00046376064600054013
15285,3.583437645730559e-05
15286,0.08126181184497953
15287,0.8903079056525042
15288,0.005302628672409988
15289,0.0032939400633237607
15290,0.0010229978155756815
15291,0.002554794688658174
15292,0.08725952924428741
15293,0.013682350342390109
15294,0.06898436541246353
15295,0.11349397442505463
15296,0.001342316471541123
15297,0.18412205777679597
15298,0.05034398546989667
15299,0.005514689639938152
15300,0.05026581253221409
15301,0.1874493778072307
15302,0.14194278771813568
15303,0.00030999190044915683
15304,0.12783840168863367
15305,0.0006910389514763271
15306,0.023909751368333197
15307,0.045615565864074774
15308,0.006510198070834259
15309,0.1205558009964902
15310,0.0001111847433915028
15311,0.20817048327320023
15312,0.02279324055666005
15313,0.0970902977198537
15314,0.09717141594875198
15315,0.027673465380556185
15316,0.036091966718209266
15317,0.04669734678349655
15318,0.12159340254767695
15319,0.12752620081977276
15320,0.0004663377758142505
15321,5.608325356502959e-05
15322,0.08111258375671898
15323,0.8949061188425002
15324,0.005867510983481828
15325,0.003609208943867656
15326,0.0010572368259578332
15327,0.0025814250300665136
15328,0.08812360405468428
15329,0.013891588739169916
15330,0.06792430601575734
15331,0.11618192082075449
15332,0.0014458925459588145
15333,0.18519254841322436
15334,0.04818950494563483
15335,0.0053324497459686345
15336,0.05017156321331272
15337,0.18785926416807797
15338,0.14301450555923714
15339,0.00031097366418771316
15340,0.12137520555678283
15341,0.0007765751171980461
15342,0.0242256338512137
15343,0.04581523206440367
15344,0.006525415408781884
15345,0.12070048842745994
15346,0.0001111847433915028
15347,0.20908524163660014
15348,0.023708121640527224
15349,0.09816373364749773
15350,0.0970053751564686
15351,0.0278023218712417
15352,0.03706550818545517
15353,0.04681540387305794
15354,0.14712539577350717
15355,0.1154513658788013
15356,0.00046670593721620903
15357,5.52242102937928e-05
15358,0.08109405296615371
15359,0.8987476376310036
15360,0.005958078688363649
15361,0.003838696217755194
15362,0.0011485408536435703
15363,0.0025939425177331082
15364,0.08367535527575293
15365,0.014239623984488128
15366,0.06848268414206124
15367,0.11697997201973348
15368,0.001496576098961784
15369,0.18588726897872018
15370,0.04729720442775448
15371,0.005285325086517931
15372,0.050502540313673495
15373,0.1886978131212724
15374,0.14335382765137578
15375,0.0002985788969884396
15376,0.13150320300419713
15377,0.0007827111405640233
15378,0.0247939523353705
15379,0.0458191591193579
15380,0.006550082222713108
15381,0.12104754190903963
15382,0.0001111847433915028
15383,0.20831713423164713
15384,0.023604422845642205
15385,0.09919716270279558
15386,0.09562661070613356
15387,0.02764290798419362
15388,0.03745269125984833
15389,0.04700647964067448
15390,0.13770696806813443
15391,0.14363890729695913
15392,0.0004669513781508481
15393,6.406008394079963e-05
15394,0.08192302972289721
15395,0.8971674888937975
15396,0.006096998257369366
15397,0.004015536411162652
15398,0.0011578676091598553
15399,0.002581425030066515
15400,0.08504270672262726
15401,0.014260118302530494
15402,0.06732763910364974
15403,0.11973038313329896
15404,0.00140699015781852
15405,0.18092089438676584
15406,0.046816385636796506
15407,0.005383501460373562
15408,0.05145571018334436
15409,0.18623284981469204
15410,0.14810421422084777
15411,0.00030152418820410856
15412,0.131812704022777
15413,0.0007604987359791865
15414,0.024391429202562397
15415,0.046558181773556154
15416,0.0067182092629408776
15417,0.12171023243256517
15418,0.0001141300346071717
15419,0.2093322779373144
15420,0.023901406376555485
15421,0.10036288442186388
15422,0.09678288294921829
15423,0.02763112681933095
15424,0.03761554131998135
15425,0.0470769211889159
15426,0.1545585744790517
15427,0.13363853913555707
15428,0.00046805586235672394
15429,6.418280440811917e-05
15430,0.08282244802788212
15431,0.8993754755418105
15432,0.006144859239623989
15433,0.004186117860736813
15434,0.0012015560955256114
15435,0.002560930712024152
15436,0.08435277225535678
15437,0.014208943867658247
15438,0.0682751638318239
15439,0.12048695481432396
15440,0.0014236801413739777
15441,0.17909935449034198
15442,0.04674631224995705
15443,0.005359325528311615
15444,0.053610313428073535
15445,0.19043038067888973
15446,0.1497074344059102
15447,0.00029514272390349246
15448,0.13212343224603004
15449,0.0007550990354171267
15450,0.02450801364651596
15451,0.046425643668851074
15452,0.006760425103698799
15453,0.12176778833173804
15454,0.0001141300346071717
15455,0.2108206317649658
15456,0.0238173428564416
15457,0.10221719068306212
15458,0.09587978303021377
15459,0.02795130451856763
15460,0.037669783766536596
15461,0.047324448371499385
15462,0.14347630267776068
15463,0.12285852784527408
15464,0.00046866946469332154
15465,6.467368627739732e-05
15466,0.0816618805684412
15467,0.9053898829246738
15468,0.006052328007265054
15469,0.004223915764671231
15470,0.0012425447316103378
15471,0.0026333357877426798
15472,0.07894619934712714
15473,0.014124757627077043
15474,0.06814998895515798
15475,0.12235979186608746
15476,0.0013752055567827588
15477,0.17862491716368456
15478,0.047462263456299246
15479,0.005418476793559631
15480,0.05591463564293255
15481,0.18744152369732225
15482,0.15120008344991778
15483,0.00031269175073018676
15484,0.13463208403897603
15485,0.0007890926048646388
15486,0.0244510713496797
15487,0.04651989298775248
15488,0.0068387207618486635
15489,0.12332817907370593
15490,0.00011842525096335557
15491,0.21163034140834008
15492,0.023930613847777553
15493,0.10239783521095651
15494,0.09553493851704588
15495,0.027881353852195492
15496,0.03830240777556881
15497,0.047371082149080826
15498,0.14975050928993944
15499,0.1491389932012862
15500,0.00046952850796455836
15501,6.884618216626165e-05
15502,0.08304457207373049
15503,0.9089357681074045
15504,0.0060877942223204005
15505,0.004331296173575828
15506,0.0012446309795547702
15507,0.0026686792823307063
15508,0.07834744618707513
15509,0.014205507694573296
15510,0.06796320840389762
15511,0.12208600250349749
15512,0.001333971479763394
15513,0.18373904719829162
15514,0.046832216577080726
15515,0.005418967675428912
15516,0.05614547284196061
15517,0.18523967307267505
15518,0.1589843654124635
15519,0.00034251282428883484
15520,0.24871622119137032
15521,0.0007446677956949653
15522,0.025155364111626527
15523,0.05053862013106543
15524,0.006772819870898073
15525,0.12511130746385885
15526,0.00013707876199592573
15527,0.24401455464742408
15528,0.027583143116608998
15529,0.10246336794050513
15530,0.09878420833026533
15531,0.028145325577399825
15532,0.03912083057212281
15533,0.05022151044351178
15534,0.1588834891883269
15535,0.14159769776403308
15536,0.0004697739488991973
15537,6.90916231009007e-05
15538,0.08276071963282039
15539,0.9184939744250541
15540,0.005951942664997673
15541,0.004365044302088701
15542,0.0012969098986328942
15543,0.002721694524212747
15544,0.07789325773752555
15545,0.01437731634882065
15546,0.07383599636747418
15547,0.1319446285251454
15548,0.0013639152737893615
15549,0.2779035662567802
15550,0.055576049873597905
15551,0.0053491397295240915
15552,0.058176496576098954
15553,0.2873510787129079
15554,0.1738059298529809
15555,0.0003587119259750141
15556,0.24473038313329887
15557,0.0008401443192695671
15558,0.028922882458336407
15559,0.05081940456029254
15560,0.006862283091574012
15561,0.12518481702378328
15562,0.0001424784625579855
15563,0.24435633114890906
15564,0.028572638244606433
15565,0.10410254522249224
15566,0.09836634513904227
15567,0.02821453992096805
15568,0.03931730604030139
15569,0.0504540657290823
15570,0.1609718233807035
15571,0.16074650860270484
15572,0.0004700193898338365
15573,7.854109908450527e-05
15574,0.08327455022948729
15575,0.9199347127113853
15576,0.0061208060280293596
15577,0.0045528066170875976
15578,0.001299977910315883
15579,0.002765996612915101
15580,0.07361767665611275
15581,0.01471406131114546
15582,0.07231438529317924
15583,0.13508725425226417
15584,0.0013680877696782257
15585,0.294089045971087
15586,0.05479137520555678
15587,0.005308028372972046
15588,0.059075669440149206
15589,0.2866361092703043
15590,0.1727648921287092
15591,0.00036754779962202096
15592,0.2531652062931055
15593,0.0008218589696389557
15594,0.029382470608448088
15595,0.05086665194021058
15596,0.006836389072969596
15597,0.12535478487102084
15598,0.00015045529293375562
15599,0.2452302235966915
15600,0.028448936013548344
15601,0.10304322214858994
15602,0.09988746533146804
15603,0.0282965171931375
15604,0.039886360847262076
15605,0.0505124806715264
15606,0.14528925214147217
15607,0.16023599145865552
15608,0.00048585033011805704
15609,7.535036693419723e-05
15610,0.08363154406891987
15611,0.9234333505141982
15612,0.006018211717350225
15613,0.004953366222418573
15614,0.0013255037675183468
15615,0.0028635593844341337
15616,0.07466902289963921
15617,0.014540657290822954
15618,0.06926735881010238
15619,0.13590825417863184
15620,0.0013769236433252333
15621,0.32582897675674355
15622,0.0537682546695138
15623,0.005327540927275854
15624,0.05909358662837785
15625,0.2878828264978035
15626,0.1746836266352502
15627,0.24680914512922458
15628,0.00038534226738335406
15629,0.0007996465650541192
15630,0.02930577031637337
15631,0.05100593967061826
15632,0.006862405812041338
15633,0.12769334609626198
15634,0.00014885992685860163
15635,0.24476376310040993
15636,0.028483420464865135
15637,0.1036274942934983
15638,0.10015965932798274
15639,0.028607613577792533
15640,0.039874088800530144
15641,0.05039675527084407
15642,0.15138158702108345
15643,0.16280121738703587
15644,8.884961833934663e-05
15645,0.0004918636330167145
15646,0.08313145816459272
15647,0.9239096286478653
15648,0.006229904523476429
15649,0.004973983260928257
15650,0.0013283263382666965
15651,0.002908965957342364
15652,0.0757121468718553
15653,0.014482119627911537
15654,0.0700808727879636
15655,0.13632292663770454
15656,0.0013410892668679272
15657,0.380621088285104
15658,0.05267493802616397
15659,0.0053502442137299665
15660,0.059371671207323916
15661,0.28889944284907865
15662,0.1748416905971578
15663,0.2504890410622684
15664,0.00039589622757283457
15665,0.0007840610657045377
15666,0.0322314262572712
15667,0.05124438553862014
15668,0.006857987875217835
15669,0.12821699433031442
15670,0.0001592911665807625
15671,0.24542068576197137
15672,0.028945708465257822
15673,0.10452458090960415
15674,0.09977039000564517
15675,0.028590923594237077
15676,0.03989311047296466
15677,0.05030569668409297
15678,0.1534092973026042
15679,0.15765186657830801
15680,9.167218908769606e-05
15681,0.0004922317944186731
15682,0.08339739341727412
15683,0.9255965441916396
15684,0.006236408708244363
15685,0.0049711606901799085
15686,0.0013802370959428616
15687,0.002936946223891219
15688,0.07524593181650838
15689,0.014583486733917477
15690,0.07014260118302532
15691,0.13628881034778967
15692,0.0013442799990182352
15693,0.41047848710207874
15694,0.05278869989936919
15695,0.005577031637336474
15696,0.059857889698843945
15697,0.28669084259872885
15698,0.2133392239157648
15699,0.00039871879832118395
15700,0.24823368431386977
15701,0.0007780477628058804
15702,0.03201003853422674
15703,0.0511788528090715
15704,0.006886581744103287
15705,0.12806653903738063
15706,0.0001600274893846797
15707,0.24515794124144027
15708,0.029040571386495833
15709,0.10453660751540146
15710,0.09939670618265711
15711,0.028666519402105926
15712,0.03991728640502662
15713,0.05039528262523624
15714,0.15195309623739062
15715,0.1626340721105467
15716,0.0004937044400265075
15717,9.191763002233512e-05
15718,0.08403185823331615
15719,0.9266669121076008
15720,0.0063628107895834915
15721,0.005068846182166261
15722,0.0014510468055862358
15723,0.0029835800014726445
15724,0.07361878114031863
15725,0.01453648479493409
15726,0.06922391576467123
15727,0.13678239206734888
15728,0.001431288810347789
15729,0.41554107454041167
15730,0.051827553199322585
15731,0.005607098151829761
15732,0.05885182730775835
15733,0.28646356429325304
15734,0.2155328522691015
15735,0.00038926932233757946
15736,0.2565551137618732
15737,0.0008171955918808133
15738,0.03191628009719462
15739,0.05205777679601402
15740,0.006874923299707929
15741,0.12828264978033038
15742,0.00016002748938467973
15743,0.2464564465061483
15744,0.029183786171857743
15745,0.10398964239255827
15746,0.09866246962668435
15747,0.02873524286380485
15748,0.04011327099133592
15749,0.05054033821760793
15750,0.14981984635397497
15751,0.16308556070981528
15752,0.000510394423581965
15753,9.069042534913974e-05
15754,0.0844758608840783
15755,0.9230161009253117
15756,0.006513879684853841
15757,0.005149964411064474
15758,0.0014812360405468423
15759,0.0029223424882801937
15760,0.07673281299855188
15761,0.014545443389048413
15762,0.06962386176766565
15763,0.13743551039442353
15764,0.0014164396338021243
15765,0.4093721620891932
15766,0.05163868640011781
15767,0.00573804089045971
15768,0.05881267947868344
15769,0.2876954323442066
15770,0.21695137815084797
15771,0.00039761431411530816
15772,0.25688290013008364
15773,0.0007908106914071121
15774,0.03728063716466632
15775,0.05194732837542643
15776,0.006870873524286384
15777,0.12803561347961617
15778,0.00015425962742066137
15779,0.24671882286527747
15780,0.029378298112559206
15781,0.10484659941585059
15782,0.09914758363399852
15783,0.028739660800628355
15784,0.04058316766070243
15785,0.05075043565765898
15786,0.15196524556365518
15787,0.1477846501239477
15788,0.0005110080259185628
15789,9.056770488182018e-05
15790,0.08335652750165674
15791,0.9230365952433544
15792,0.006360356380237099
15793,0.005302628672409982
15794,0.0015160886532655919
15795,0.0029852980880151177
15796,0.07652934246373608
15797,0.014653069238887656
15798,0.06820754485433081
15799,0.13741329798983873
15800,0.0014373021132464462
15801,0.4397581179589131
15802,0.05178975529538814
15803,0.005925557764523967
15804,0.05893552266647029
15805,0.2864970669808312
15806,0.2189423950126403
15807,0.00039700071177871035
15808,0.2564579191517561
15809,0.0009006455096581004
15810,0.04115983113663695
15811,0.05205753135507938
15812,0.006941069631593156
15813,0.12823086174312154
15814,0.0001559777139631349
15815,0.24616351275065654
15816,0.03107171784110153
15817,0.10582075448543309
15818,0.1001240703924601
15819,0.02890606975431366
15820,0.04063483297744397
15821,0.05068563925091426
15822,0.16299388852072755
15823,0.14996723363522574
15824,0.0005108853054512432
15825,9.032226394718114e-05
15826,0.08314446653412859
15827,0.9276224136661506
15828,0.0065019757995238465
15829,0.0052197923569692935
15830,0.0016289914831995682
15831,0.0029811255921262537
15832,0.07722369486783005
15833,0.014653191959354973
15834,0.06602692487052991
15835,0.13723118081633656
15836,0.0014733819306383905
15837,0.4400851680043198
15838,0.048703826424171
15839,0.0058924232383476905
15840,0.05903799425668212
15841,0.28533760400559616
15842,0.23169219252386924
15843,0.00039896423925582297
15844,0.2566394227229217
15845,0.0009302211422821094
15846,0.04119542007215963
15847,0.05351630955010674
15848,0.006939228824583366
15849,0.13024752718258356
15850,0.0001588002847114843
15851,0.2460324472915593
15852,0.0314088309648283
15853,0.10549763149498079
15854,0.09980634710256978
15855,0.029129175563900583
15856,0.040668949267358784
15857,0.050787006356920204
15858,0.1631291264757137
15859,0.16469835309132866
15860,0.000506958250497018
15861,8.884961833934665e-05
15862,0.08340966546400608
15863,0.9254782416611437
15864,0.00634943425864566
15865,0.005239673072675058
15866,0.0016621260093758435
15867,0.0030228505510148966
15868,0.07661451046805584
15869,0.014550106766806563
15870,0.06739452175833889
15871,0.13742569275703803
15872,0.0015266426134550705
15873,0.43686989176054786
15874,0.04886544927963084
15875,0.005962864786589108
15876,0.05939253368676825
15877,0.28748226689247247
15878,0.23552389367498713
15879,0.00040313673514468727
15880,0.2567800603784699
15881,0.0010863215767125645
15882,0.043009596740544366
15883,0.05353766291142034
15884,0.006985371720295511
15885,0.13030532852269103
15886,0.00016064109172127738
15887,0.24573129126475718
15888,0.032102201605183706
15889,0.10586039319637731
15890,0.0998781385759517
15891,0.029027808457894638
15892,0.04065103207913014
15893,0.05083302653216503
15894,0.16267420170336017
15895,0.14797008075006754
15896,0.0005065900890950594
15897,9.57219645092409e-05
15898,0.08264695775961517
15899,0.9271298137103301
15900,0.006682006725081608
15901,0.005250349753331861
15902,0.0017032373659278891
15903,0.003032177306531182
15904,0.07810973664187713
15905,0.014652332916083737
15906,0.06636992857668803
15907,0.13748926195910957
15908,0.0015841985126279349
15909,0.4454859730505853
15910,0.049990673244483724
15911,0.006193947426551799
15912,0.059443217239771216
15913,0.28785803696340495
15914,0.2367670520089342
15915,0.0004090273175760251
15916,0.25864909309574646
15917,0.0011707532582284081
15918,0.04152467908597795
15919,0.051728885943597654
15920,0.006995189357681076
15921,0.1303191959354981
15922,0.00016039565078663834
15923,0.2461065704538203
15924,0.03219411923520604
15925,0.10635287043173064
15926,0.09950985445352575
15927,0.02896178484647673
15928,0.040644405173894886
15929,0.05071681024961343
15930,0.16487200255258583
15931,0.14955121125101248
15932,0.0005067128095623789
15933,9.989446039810525e-05
15934,0.08338070343371867
15935,0.9278503055739633
15936,0.0069737132759001555
15937,0.005250472473799183
15938,0.0017598115013621974
15939,0.003040031416439633
15940,0.08012014333750582
15941,0.014694794197776305
15942,0.06557985420808482
15943,0.13743845568563928
15944,0.0016062881967454517
15945,0.4480233414328842
15946,0.04998269641410793
15947,0.006195420072159634
15948,0.05948199690744417
15949,0.28786110497508793
15950,0.24821245367302378
15951,0.000409886360847262
15952,0.24676116142650262
15953,0.001514370566723118
15954,0.043294185504258384
15955,0.052175956606042746
15956,0.007020592494416223
15957,0.13098078197481777
15958,0.00015573227302849581
15959,0.24509780821245372
15960,0.033102250693370625
15961,0.10607122695923228
15962,0.09968632648553123
15963,0.02901921802518228
15964,0.04070429276194683
15965,0.05083327197309967
15966,0.14462778882261992
15967,0.16461404413028016
15968,0.0005069582504970179
15969,0.00010259431067913516
15970,0.08399712834106472
15971,0.92584971651572
15972,0.0066874064256436695
15973,0.0053004197039982345
15974,0.0017709790638882749
15975,0.0030979554770144565
15976,0.08132317207863929
15977,0.01464987850673735
15978,0.06464877402253151
15979,0.13716012566575855
15980,0.0015814986623469045
15981,0.4493909383206931
15982,0.04895098544535256
15983,0.00620683307562035
15984,0.05950249122548655
15985,0.287984807206146
15986,0.24831026188547728
15987,0.0004122180497263333
15988,0.25691419384925
15989,0.0014829541270893157
15990,0.0445453206685811
15991,0.05172557249098002
15992,0.006999975455906541
15993,0.13138968657192643
15994,0.00016714527648921298
15995,0.24612375131924502
15996,0.03384225511130746
15997,0.10610804309942815
15998,0.10023365976977644
15999,0.028831332989716046
16000,0.04082063176496573
16001,0.05054622880003927
16002,0.1478739906241563
16003,0.15246079081069153
16004,0.0005068355300296985
16005,9.9158137594188e-05
16006,0.08363498024200477
16007,0.9287932896448465
16008,0.007107724026213092
16009,0.005294529121566896
16010,0.0017861964018358976
16011,0.003005546965122842
16012,0.08197923569692954
16013,0.014660432466926826
16014,0.06560734359276442
16015,0.13772770782711136
16016,0.0015432098765432087
16017,0.45460484009523106
16018,0.04872358441940945
16019,0.00643632034950789
16020,0.0595504749282085
16021,0.28675674348967933
16022,0.24728836855410744
16023,0.0004193358368308666
16024,0.2575201875168739
16025,0.0016766070245195495
16026,0.04467454532066856
16027,0.05242826988685173
16028,0.006963404756645312
16029,0.13069570232923447
16030,0.00015573227302849584
16031,0.24627175220283234
16032,0.03409763640379941
16033,0.10566784478315298
16034,0.1008002601673908
16035,0.029223547603269312
16036,0.04075644896055763
16037,0.05089720933657315
16038,0.16312605846403072
16039,0.16494575755344484
16040,0.0005073264118989766
16041,0.00010750312937191675
16042,0.08348342046486515
16043,0.9312785018285346
16044,0.007418697690400806
16045,0.005243968289031247
16046,0.0018289031244630967
16047,0.003090960410377242
16048,0.08268978720270968
16049,0.01476769015536411
16050,0.06525857202464228
16051,0.13800579240605743
16052,0.0015849348354318527
16053,0.4573011314827088
16054,0.048742728812311294
16055,0.007009424931890139
16056,0.05954593427091768
16057,0.2873088628721499
16058,0.24676827921360733
16059,0.0004295216356183884
16060,0.25508762241366595
16061,0.0017126868419114942
16062,0.0462939646074172
16063,0.052126991139582246
16064,0.007034950789092608
16065,0.13123591782637506
16066,0.00016174557592715328
16067,0.24616069017990824
16068,0.03413261173698548
16069,0.10627715190339446
16070,0.10090629065115486
16071,0.029264536239354037
16072,0.04072613700512969
16073,0.05095562427901725
16074,0.16312605846403072
16075,0.16312605846403072
16076,0.0005046265616179468
16077,0.00010738040890459721
16078,0.08424146479149794
16079,0.9330053015241877
16080,0.007746974940480575
16081,0.005189480401541373
16082,0.00187062808335174
16083,0.0030958692290700227
16084,0.0818131949046462
16085,0.014812237685001102
16086,0.06457477358073783
16087,0.13803070466092326
16088,0.0015451734040203213
16089,0.4604378666273962
16090,0.048101637091034016
16091,0.007209950175490266
16092,0.059907100606239085
16093,0.284989200598876
16094,0.2476800922857916
16095,0.00041540878187664137
16096,0.16493851704587287
16097,0.0018674373512014334
16098,0.04440284220602309
16099,0.04855349385170458
16100,0.007183197113614613
16101,0.1310920894386766
16102,0.00012222958545026152
16103,0.21240470755712632
16104,0.03070196107306776
16105,0.10568416660530647
16106,0.09863313943499495
16107,0.028682963944726737
16108,0.03986439388361189
16109,0.0482646098716344
16110,0.16253847286650472
16111,0.16275924698721259
16112,0.0005042584002159881
16113,0.00011572540068232592
16114,0.08347102569766583
16115,0.9284701666543944
16116,0.007887858036963406
16117,0.005160395650786642
16118,0.0019636501975799515
16119,0.003136489703752791
16120,0.08262805880764797
16121,0.014704611835161863
16122,0.057039123284981494
16123,0.13800935129960976
16124,0.0015532729548634109
16125,0.4636877500429522
16126,0.03855766634759342
16127,0.007295240900277348
16128,0.05987372063912816
16129,0.1925134378911714
16130,0.18016137741452515
16131,0.00043504405664776763
16132,0.16705029084750753
16133,0.0018642466190511248
16134,0.04691713914046582
16135,0.04838917114596371
16136,0.0069883170115111835
16137,0.13094187958667747
16138,0.0001255430380678891
16139,0.21244127825638756
16140,0.030774366148786286
16141,0.10586726554254725
16142,0.09916844611344285
16143,0.028838696217755228
16144,0.040021598802248225
16145,0.048123481334216914
16146,0.16284686940087878
16147,0.16267420170336017
16148,0.0005043811206833077
16149,0.00011805708956139717
16150,0.08454863412119877
16151,0.9321161917384576
16152,0.007902216331639789
16153,0.005227155585008473
16154,0.002019488010210341
16155,0.0031631200451611315
16156,0.08234948334683262
16157,0.014574773580737787
16158,0.05888189382225169
16159,0.1383106300468792
16160,0.0015738899933730934
16161,0.4705546965122842
16162,0.03882286527747095
16163,0.007357214736273715
16164,0.05964165623542692
16165,0.1887966030974646
16166,0.1819366516947696
16167,0.0004210539233733402
16168,0.16772144908327802
16169,0.0017917188228652758
16170,0.048209508381807875
16171,0.048581474118253434
16172,0.007027464840586119
16173,0.13089217779741305
16174,0.00012002061703850983
16175,0.21239182190805775
16176,0.030902240875733244
16177,0.1059400387796677
16178,0.09744140097685491
16179,0.02869646319613188
16180,0.03986525292688314
16181,0.04811378641729868
16182,0.16321147190928514
16183,0.16493250374297436
16184,0.0005042584002159882
16185,0.00011682988488820179
16186,0.08371990280538988
16187,0.9320045161131972
16188,0.007852146380973419
16189,0.00523059175809342
16190,0.0021358270132292643
16191,0.0031611565176840185
16192,0.08183602091156765
16193,0.014612939646074165
16194,0.058077829320374044
16195,0.13844635888373458
16196,0.001578553371131236
16197,0.46601133937118044
16198,0.038807279778121366
16199,0.0073973443290872055
16200,0.06002699850281028
16201,0.19380077559335349
16202,0.18281704832731996
16203,0.0004233856122524115
16204,0.16705446334339638
16205,0.001847802076430307
16206,0.04855852539086466
16207,0.048762854968951726
16208,0.007018874407873752
16209,0.1311844979505682
16210,0.00012100238077706613
16211,0.21088616449451436
16212,0.03089524580909603
16213,0.10647792258792926
16214,0.09893736347348014
16215,0.02887207618486615
16216,0.039897405689320854
16217,0.04822558476302678
16218,0.14932147853619035
16219,0.1645319441376434
16220,0.0005040129592813491
16221,0.0001178116486267581
16222,0.08361595856957024
16223,0.9293725302505949
16224,0.008304616743980562
16225,0.005530643300689692
16226,0.0022530250595194238
16227,0.003167783422919274
16228,0.08246275433816853
16229,0.014487519328473595
16230,0.056770365461551654
16231,0.13837309476474488
16232,0.001590089095059273
16233,0.4775465724173477
16234,0.038654247355373886
16235,0.007493311734531081
16236,0.05972670151927936
16237,0.1910449647792259
16238,0.18203004197039976
16239,0.00043443045431117004
16240,0.16420526225363863
16241,0.0018392116437179393
16242,0.04839849790147998
16243,0.04853250865179293
16244,0.006991998625530765
16245,0.13094801561004346
16246,0.000126647522273765
16247,0.21249441621873694
16248,0.031174680313182632
16249,0.10669476965368288
16250,0.09857349728787765
16251,0.02885244091009502
16252,0.04002368505019266
16253,0.048239820337235846
16254,0.16511327099133602
16255,0.16516923152443372
16256,0.0005049947230199055
16257,0.00011621628255160405
16258,0.08317097415506963
16259,0.9324855803450894
16260,0.008537172029551086
16261,0.005556660039761436
16262,0.0022538841027906612
16263,0.003138944113099182
16264,0.08183098937240751
16265,0.014515622315489769
16266,0.0566743980561078
16267,0.13877954495250713
16268,0.001557936332621554
16269,0.47903185823331607
16270,0.039444321723977084
16271,0.007476989912377584
16272,0.0597966521856515
16273,0.19193800161991015
16274,0.18264855312569023
16275,0.0004341850133765309
16276,0.1750916721890877
16277,0.0019383697813121277
16278,0.04873450654100087
16279,0.0485417126868419
16280,0.006975676803377271
16281,0.13090027734825618
16282,0.00012333406965613742
16283,0.21236752325552855
16284,0.03092985298088015
16285,0.10564415973296029
16286,0.09846611687897307
16287,0.02890705151805222
16288,0.040083449917777285
16289,0.04846403063102866
16290,0.15583179932749192
16291,0.1478739906241563
16292,0.0005203347814348478
16293,0.00011793436909407761
16294,0.08272684878384019
16295,0.9315530275139282
16296,0.008711803254546792
16297,0.005763075865792903
16298,0.0022899639201826054
16299,0.003164224529367006
16300,0.0806002258056599
16301,0.014455243845568552
16302,0.05776047419188571
16303,0.13834266008884955
16304,0.0015589180963601098
16305,0.47734408364627057
16306,0.038754878138575914
16307,0.0075477996220209564
16308,0.05963920182608054
16309,0.18949353263137225
16310,0.18490084186240577
16311,0.00044670250104312403
16312,0.17448936013548333
16313,0.002034459907223328
16314,0.04865878801266471
16315,0.048433718675600694
16316,0.006962913874776034
16317,0.1311009253123236
16318,0.00012321134918881789
16319,0.21253074147706344
16320,0.031406253835014594
16321,0.1058263996269298
16322,0.0988147657266279
16323,0.028882016542719026
16324,0.04017229953611662
16325,0.04826951869032718
16326,0.15180030925557772
16327,0.16307598851336433
16328,0.0007519083032668184
16329,0.00012075693984242704
16330,0.08428171710477875
16331,0.9343019659818858
16332,0.008681859460520825
16333,0.0059071496944260405
16334,0.0022949954593427064
16335,0.0031699923913310253
16336,0.08200758412488036
16337,0.0145233537049309
16338,0.05712404584836659
16339,0.13842660088849615
16340,0.0015700856588861877
16341,0.4794731610337972
16342,0.03970363007142328
16343,0.007690278084578943
16344,0.06004614289571214
16345,0.18633298971602474
16346,0.18281815281152575
16347,0.00044535257590260895
16348,0.17663488206563083
16349,0.001981444665341286
16350,0.049756768033772644
16351,0.048974179613675964
16352,0.006987335247772627
16353,0.13094543848022971
16354,0.000126647522273765
16355,0.21285325086517928
16356,0.031799327491839086
16357,0.10631556340966551
16358,0.09897614314115306
16359,0.029001546277888268
16360,0.04015266426134549
16361,0.048283386103134276
16362,0.15174336695874144
16363,0.16271114056402333
16364,0.0007582897675674345
16365,0.00012738384507768213
16366,0.08310912303954054
16367,0.9350479837027216
16368,0.00895319441376433
16369,0.0060298701617455775
16370,0.0023076356674766193
16371,0.0031427484475860874
16372,0.08257246643595216
16373,0.014529857889698836
16374,0.05675956606042753
16375,0.1384758117958913
16376,0.0015984340868370013
16377,0.4817815330240777
16378,0.03859595513339711
16379,0.008161892840487937
16380,0.05991630464128805
16381,0.18801732812998545
16382,0.18308948776476933
16383,0.0004431436074908572
16384,0.1818673146307341
16385,0.0019938394325405588
16386,0.049985518984856266
16387,0.048937118032545454
16388,0.006996539282821593
16389,0.1311398277004639
16390,0.00012615664040448684
16391,0.21242495643423406
16392,0.03197395871683479
16393,0.10650713005915131
16394,0.09894963552021212
16395,0.028993692167979805
16396,0.040224946616596695
16397,0.048190241268438745
16398,0.1647417961367598
16399,0.16271469945757563
16400,0.0007587806494367127
16401,0.0001289792111528361
16402,0.08426257271187691
16403,0.9347039982328249
16404,0.008950985445352578
16405,0.0058937731634882105
16406,0.0023715730309500993
16407,0.0032190805782588406
16408,0.08331529342463735
16409,0.014578087033355414
16410,0.0561392140981273
16411,0.13848440222860364
16412,0.0016478904351667758
16413,0.4824346513511524
16414,0.03868222762192275
16415,0.008343887293522813
16416,0.059874825123334044
16417,0.19347961613037815
16418,0.18389490219178747
16419,0.00044522985543528945
16420,0.17316397908843237
16421,0.0021132464472424714
16422,0.048673023586873795
16423,0.049187713226811966
16424,0.0070780256731217675
16425,0.13118081633654863
16426,0.00011867069189799491
16427,0.21186068772549876
16428,0.03185712883194658
16429,0.10644994232138039
16430,0.09897332057040474
16431,0.02917053236138727
16432,0.04015843212330952
16433,0.04815894754927227
16434,0.15566465405100272
16435,0.14503583437645737
16436,0.0007628304248582572
16437,0.0001289792111528361
16438,0.08342341015634588
16439,0.9371592666224869
16440,0.00857153376040056
16441,0.00604471933829124
16442,0.002358319220479589
16443,0.0032432565103207894
16444,0.08371253957735071
16445,0.014625088972338796
16446,0.056839211643717906
16447,0.13839751613774143
16448,0.0016489949193726516
16449,0.4875389637483739
16450,0.03882421520261146
16451,0.00827246398154284
16452,0.060311587266524296
16453,0.19086751098348184
16454,0.18395221265002568
16455,0.00042314017131777243
16456,0.1810236114179123
16457,0.0020781483935890825
16458,0.04920624401737719
16459,0.04855840267039735
16460,0.007078271114056408
16461,0.131387968485384
16462,0.00011854797143067539
16463,0.21096703728247795
16464,0.031622855459833586
16465,0.10624978523918223
16466,0.09773408929141202
16467,0.02899246496330661
16468,0.04024715902118154
16469,0.04815317968730825
16470,0.15351115529047946
16471,0.14920992563139687
16472,0.0007784159242078387
16473,0.00012971553395675332
16474,0.08478364381611568
16475,0.9358125322141225
16476,0.0087526691701642
16477,0.006202292418329529
16478,0.002362982598237731
16479,0.0032334388729352266
16480,0.08272279900841867
16481,0.014581155045038404
16482,0.055974645951451754
16483,0.13850600103085187
16484,0.0016882654689149043
16485,0.47997263333578766
16486,0.04006356920207149
16487,0.008711312372677514
16488,0.05988979702034704
16489,0.1936339984782662
16490,0.18221338634857515
16491,0.00044829786711827796
16492,0.19751859215079892
16493,0.0020829344918145455
16494,0.049443094519303905
16495,0.04912807107969466
16496,0.007056549591340849
16497,0.1312913874776035
16498,0.00011535723928036737
16499,0.21273826178730088
16500,0.03175379819846354
16501,0.1062447537000221
16502,0.09781250767002918
16503,0.029044007559580812
16504,0.0402928110350244
16505,0.04798014382838771
16506,0.15172176815649321
16507,0.16511327099133602
16508,0.0009275212920010789
16509,0.0001319245023685049
16510,0.08353692658861647
16511,0.9431886459023631
16512,0.00885599980364725
16513,0.00618363890729696
16514,0.002294013695604151
16515,0.0031929411187197774
16516,0.08331922047959159
16517,0.014542252656898109
16518,0.05483395920771665
16519,0.1384744618707508
16520,0.0018309893724075287
16521,0.48603981051959844
16522,0.04091328571779197
16523,0.00877684510222615
16524,0.059813833051076244
16525,0.19189811746803134
16526,0.18104140588567355
16527,0.0004420391232849815
16528,0.19630157327639103
16529,0.0025086517929460276
16530,0.05385158186682373
16531,0.049442480916967346
16532,0.007057899516481364
16533,0.13125150332572466
16534,0.00011928429423459263
16535,0.2120275875610534
16536,0.031993593991605916
16537,0.10677024274108436
16538,0.09891429202562403
16539,0.029135679748668517
16540,0.04022764646687773
16541,0.04815207520310238
16542,0.1630337726726064
16543,0.15583179932749192
16544,0.001246226345629923
16545,0.00013167906143386586
16546,0.0840017917188229
16547,0.9439031244630973
16548,0.009047321012198411
16549,0.0062468399479665235
16550,0.0023103355177576494
16551,0.003185209729278647
16552,0.08433276881918365
16553,0.014559433522322845
16554,0.05566637213754506
16555,0.1384801070122475
16556,0.0018381071595120625
16557,0.4866037110669316
16558,0.042603023832314735
16559,0.00881071595120634
16560,0.06026164003632527
16561,0.1908013646515966
16562,0.18088640993544897
16563,0.00045001595366075156
16564,0.19019353017696297
16565,0.0026146822767101107
16566,0.05435228137348745
16567,0.04910794492305426
16568,0.007078393834523727
16569,0.13097673219939623
16570,0.00012002061703850984
16571,0.21213680877696778
16572,0.03231499889551579
16573,0.10687578234297918
16574,0.09830253049603611
16575,0.029328719043762157
16576,0.040234027931178355
16577,0.04805267162457353
16578,0.14969405787497245
16579,0.1498056107797659
16580,0.0012540804555383738
16581,0.00013278354563974167
16582,0.08389404314851631
16583,0.9426215546228793
16584,0.00921078467466804
16585,0.006294823650688463
16586,0.0024455734727437824
16587,0.0031699923913310235
16588,0.08241243894656751
16589,0.014615762216822514
16590,0.054684485678521425
16591,0.13849115185430622
16592,0.0018885452715803929
16593,0.4886605060992072
16594,0.0431799327491839
16595,0.00924796897626586
16596,0.06025795842230566
16597,0.19085744790516163
16598,0.18443082247257186
16599,0.00041516334094200225
16600,0.2833784944653068
16601,0.0027151903394448144
16602,0.05800039270549542
16603,0.059256682129445515
16604,0.00689603122008689
16605,0.13117541663598653
16606,0.00027047590997226535
16607,0.2779403823969761
16608,0.03723633507596396
16609,0.10716748889379774
16610,0.10329786711827799
16611,0.02938394325405594
16612,0.041173575828976745
16613,0.05256878482193259
16614,0.15052340279311793
16615,0.1522630881378397
16616,0.001312127236580516
16617,0.0001332744275090199
16618,0.08188007755933537
16619,0.9408060280293544
16620,0.00919814446653413
16621,0.006096384655032769
16622,0.0023979579314238027
16623,0.003250251576958002
16624,0.08440775102471589
16625,0.014579314238028614
16626,0.07697616768524652
16627,0.13839334364185252
16628,0.0018076724836168165
16629,0.4864506786441842
16630,0.06648933559138989
16631,0.009430822472571975
16632,0.06009474020077067
16633,0.3913993814888447
16634,0.3414888447095208
16635,0.0004081682743047886
16636,0.29598262278182746
16637,0.0026904008050462665
16638,0.056843261419139486
16639,0.058943131335444085
16640,0.006924011486635745
16641,0.1312203323270255
16642,0.0002687578234297918
16643,0.27745232309844625
16644,0.037255602189333124
16645,0.10691959354981227
16646,0.10253466853201776
16647,0.029785852784527438
16648,0.04117750288393098
16649,0.05278121395086271
16650,0.15378163120045168
16651,0.14122585474805496
16652,0.0013061139336818584
16653,0.00013376530937829804
16654,0.08305561691578925
16655,0.946240213042731
16656,0.009522126500257713
16657,0.005923348796112219
16658,0.0024746582234985146
16659,0.0036230763566747655
16660,0.08450236850501928
16661,0.014598213189995823
16662,0.07572208722970813
16663,0.13859583241292978
16664,0.0018226443806298007
16665,0.48171060059396703
16666,0.06686915543774387
16667,0.00939449721424539
16668,0.05989716024838621
16669,0.38839592077166624
16670,0.3436516702255603
16671,0.0004085364357067472
16672,0.2964338659401614
16673,0.002647939523353705
16674,0.0579695898681982
16675,0.05927619468374933
16676,0.006936406253835018
16677,0.1312586211128292
16678,0.00027305303978597566
16679,0.27745232309844625
16680,0.03723375794615025
16681,0.10663733647497732
16682,0.10349974228701864
16683,0.02958078688363648
16684,0.041166580762339526
16685,0.05287632231303535
16686,0.1477083179932749
16687,0.15991495471614767
16688,0.0013109000319073201
16689,0.00014284662395994396
16690,0.0841069631593157
16691,0.944003877966767
16692,0.009439044743882387
16693,0.005981027415752402
16694,0.0025134378911714893
16695,0.003942763174042166
16696,0.08463527477112633
16697,0.014600176717472936
16698,0.07600422158407576
16699,0.13858650565741354
16700,0.001819085487077534
16701,0.4876727290577522
16702,0.06542915347421638
16703,0.009524458189136784
16704,0.05993115381783372
16705,0.38845053137962343
16706,0.342722185406082
16707,0.00040694106963159315
16708,0.2963996269297792
16709,0.0027943450408659167
16710,0.05847802076430306
16711,0.05919483101391648
16712,0.006926711336916774
16713,0.13132624009032223
16714,0.00027685737427288144
16715,0.27684313869867205
16716,0.03746275433816851
16717,0.10746987212527306
16718,0.10323736592788942
16719,0.029566060427558133
16720,0.04110755221755883
16721,0.05308875144196548
16722,0.1495217583388558
16723,0.15536386618560252
16724,0.0013111454728419595
16725,0.0001427239034926244
16726,0.08241342071030608
16727,0.9456428098078191
16728,0.009383452372186636
16729,0.005879660309746463
16730,0.0025626487985666246
16731,0.003843482315980658
16732,0.08801965981886459
16733,0.014589868198218092
16734,0.07427214490832779
16735,0.13860859534153103
16736,0.0018550425840021595
16737,0.48528876125960296
16738,0.06666408953685289
16739,0.009724492550867632
16740,0.06005461060795718
16741,0.38781152590629064
16742,0.34237623640870823
16743,0.00040841371523942763
16744,0.2622570748349408
16745,0.0027477112632844913
16746,0.05858159683872076
16747,0.05932025133151704
16748,0.006902044522985543
16749,0.13122573202758755
16750,0.0002751392877304079
16751,0.2788778440468301
16752,0.03745845912181231
16753,0.10644221093193923
16754,0.10293841886949906
16755,0.029735905554328385
16756,0.04130095967405442
16757,0.05303217730653117
16758,0.16006921434356833
16759,0.15579130157327647
16760,0.0012986279851753665
16761,0.0001433375058292221
16762,0.08341936038092433
16763,0.9465736445524381
16764,0.00962742066121788
16765,0.005943474952752623
16766,0.0026073190486709365
16767,0.00383783717448396
16768,0.09038399234224283
16769,0.014567287632231299
16770,0.07549493164469966
16771,0.138679650492109
16772,0.001877745870456274
16773,0.47994416218736957
16774,0.06674177159266616
16775,0.00978327565471369
16776,0.06016739071742383
16777,0.3901763493115383
16778,0.34212662297818036
16779,0.0004084137152394276
16780,0.26691026679429586
16781,0.002726235181503573
16782,0.058906928797584863
16783,0.05933865940161497
16784,0.006906953341678329
16785,0.13114620916476447
16786,0.0002714576737108217
16787,0.27871965736445525
16788,0.0375475541810863
16789,0.10724013941045092
16790,0.10254276808286089
16791,0.029691603465626035
16792,0.04125457133740763
16793,0.05308519254841321
16794,0.16321466264143542
16795,0.1497345556291879
16796,0.001308568343028249
16797,0.00014333750582922212
16798,0.0834360503644798
16799,0.9464385293179192
16800,0.009589131875414181
16801,0.0059073951353606794
16802,0.0026516211373732897
16803,0.0038280195370983972
16804,0.0900283484279508
16805,0.01461956655130942
16806,0.07576479395233536
16807,0.1386840684289325
16808,0.0018797093979333868
16809,0.48203409174582135
16810,0.06681896276661016
16811,0.009979505681957636
16812,0.06007682301254203
16813,0.3902860614093219
16814,0.34337554917409124
16815,0.0004095181994453035
16816,0.2664833222884912
16817,0.002882458336401348
16818,0.0588763714012223
16819,0.059382102447046094
16820,0.006907935105416881
16821,0.13138220062341993
16822,0.00027047590997226535
16823,0.27832695186903267
16824,0.03795093635716563
16825,0.1075077927496748
16826,0.10290970228014626
16827,0.02965122843187789
16828,0.041201065213656324
16829,0.05279520408413713
16830,0.1517574798124832
16831,0.16312605846403072
16832,0.0013007142331197985
16833,0.0001438283876985003
16834,0.08269334609626196
16835,0.9453583437645725
16836,0.009659450703188278
16837,0.006103257001202662
16838,0.0027702918292712847
16839,0.003843850477382618
16840,0.09111773801634636
16841,0.01465024666813931
16842,0.07559580786883635
16843,0.13861338143975643
16844,0.0018851090984954464
16845,0.4895147632722184
16846,0.06664543602582035
16847,0.009869425422772011
16848,0.06012505215619859
16849,0.3897010529416095
16850,0.3438326829148566
16851,0.0004051002626218001
16852,0.24768107404952983
16853,0.0028402424956434245
16854,0.05889981101048033
16855,0.05917875463269761
16856,0.00691713914046585
16857,0.1310949120094249
16858,0.00027280759885133665
16859,0.27809930540215494
16860,0.037999533662224166
16861,0.10694327860000491
16862,0.10300873769727316
16863,0.029614044130280077
16864,0.04123579510590773
16865,0.05267726971504307
16866,0.1626205728591415
16867,0.16253847286650472
16868,0.0013138453231229894
16869,0.0001438283876985003
16870,0.08166188056844124
16871,0.9483019168936991
16872,0.009843531404167591
16873,0.00590702697395872
16874,0.002797413052548903
16875,0.003938836119087941
16876,0.09134747073116851
16877,0.014677736052818888
16878,0.07597329602631125
16879,0.13863964361976286
16880,0.0018424023758682473
16881,0.488747637631004
16882,0.06682129445548925
16883,0.009971406131114547
16884,0.06030127874726948
16885,0.387180251822399
16886,0.3424523230984465
16887,0.0003978597550499473
16888,0.26523280072650496
16889,0.0028212208232088966
16890,0.05908413715239427
16891,0.0593695849593795
16892,0.00689529489728297
16893,0.1326041283165206
16894,0.00027207127604741933
16895,0.27628230616302185
16896,0.03848967920869841
16897,0.10727806003485264
16898,0.10321269911395824
16899,0.02962545713374079
16900,0.041256289423950106
16901,0.05282674324423828
16902,0.16326485531256915
16903,0.16284686940087878
16904,0.0013102864295707227
16905,0.00014346022629654163
16906,0.08374518322165773
16907,0.9466612669661042
16908,0.009895564882311076
16909,0.006150872542522644
16910,0.0028374199248950727
16911,0.003926809513290625
16912,0.09151682497606953
16913,0.014631838598041378
16914,0.0740070686989176
16915,0.13863080774611583
16916,0.0018637557371818472
16917,0.4889433767763787
16918,0.0677637876445033
16919,0.010075718528336157
16920,0.060124070392460045
16921,0.3891463564293252
16922,0.3436058954912501
16923,0.0004158996637459194
16924,0.2651796627641556
16925,0.0028614731364897056
16926,0.059235819650001215
16927,0.05930331590702695
16928,0.006933951844488627
16929,0.13241575239918515
16930,0.00027293031931865616
16931,0.2777679601403921
16932,0.03848440222860368
16933,0.10775151559777145
16934,0.10356073435927644
16935,0.029694548756841698
16936,0.041165476278133654
16937,0.052701200206170376
16938,0.16289436222173145
16939,0.1477083179932749
16940,0.0013230493581719545
16941,0.00014346022629654163
16942,0.08473799180227282
16943,0.9503245956360599
16944,0.01002000343617309
16945,0.006099084505313796
16946,0.002906511547995973
16947,0.003992342242839259
16948,0.09240605748226692
16949,0.01474854576246226
16950,0.07690940775102467
16951,0.13856981567385804
16952,0.001978131212723658
16953,0.48912303954053454
16954,0.06780305819404556
16955,0.010281029870161747
16956,0.06026237635912917
16957,0.39026004467025005
16958,0.3452639717252044
16959,0.0004167587070171563
16960,0.2633841396068034
16961,0.002915224701175663
16962,0.05962422992906755
16963,0.059235328768131916
16964,0.00693579265149842
16965,0.13258731561249784
16966,0.0002609037135213413
16967,0.28064145988267913
16968,0.03845335395037183
16969,0.10775176103870607
16970,0.10353385857693345
16971,0.02955722455391113
16972,0.04113491888177109
16973,0.052706722627199755
16974,0.16475271825835125
16975,0.1629173109491202
16976,0.0013337260388287544
16977,0.0001435829467638612
16978,0.08321012198414454
16979,0.9526772697150429
16980,0.010179540043688484
16981,0.0060320791301573294
16982,0.0029166973467834962
16983,0.004018481702378323
16984,0.09243489679208697
16985,0.014691358024691353
16986,0.07616388091205849
16987,0.13865878801266474
16988,0.0019569005718773776
16989,0.4832774955207029
16990,0.06801708268905086
16991,0.010400559605330978
16992,0.06019831627518837
16993,0.3892309108313083
16994,0.34563274672949956
16995,0.00041369069533416777
16996,0.26292430601575717
16997,0.002911297646221439
16998,0.05940591021770611
16999,0.059089536852956294
17000,0.006905480696070493
17001,0.13255896718454704
17002,0.0002699850281029872
17003,0.28074515867756406
17004,0.038539871879832106
17005,0.10740912549394992
17006,0.10335542301745086
17007,0.02977652602901115
17008,0.04127383845077679
17009,0.05280563532385931
17010,0.16187885035466226
17011,0.15120744667795705
17012,0.0013284490587340144
17013,0.00014346022629654166
17014,0.08428834401001399
17015,0.9535962005743316
17016,0.010249490710060627
17017,0.006174803033649955
17018,0.0028364381611565167
17019,0.003978842991434111
17020,0.09159303438627499
17021,0.014776157867609156
17022,0.07670372824779713
17023,0.1386715509412659
17024,0.0019638956385145913
17025,0.49264425790933414
17026,0.06856502957563258
17027,0.01058832192032987
17028,0.06012492943573128
17029,0.3876863510296246
17030,0.3454368848636576
17031,0.0004154087818766413
17032,0.2635515303242274
17033,0.002892766855656187
17034,0.05947402007706846
17035,0.05931951500871311
17036,0.006907812384949565
17037,0.13288135385219543
17038,0.00026703973688731826
17039,0.28072773237120485
17040,0.03871315317968729
17041,0.10739783521095651
17042,0.10337235844194094
17043,0.02972621063741014
17044,0.041254080455538356
17045,0.05300395159904767
17046,0.16520936111724724
17047,0.15620560587094723
17048,0.0013221903149007181
17049,0.00014346022629654166
17050,0.0844340132047223
17051,0.9521689615394056
17052,0.010276121051468962
17053,0.0061489090150455335
17054,0.0029083523550057673
17055,0.004004000687234617
17056,0.09249809783275653
17057,0.014777139631347708
17058,0.07569975210465599
17059,0.1387243207422133
17060,0.001979603858331492
17061,0.49374849667427534
17062,0.06847900252804157
17063,0.01086689738114523
17064,0.06051616228554599
17065,0.39044253000515416
17066,0.34586971995189353
17067,0.00041504062047468274
17068,0.22448126058464024
17069,0.002936946223891221
17070,0.05953378494465308
17071,0.05929791620646488
17072,0.0069143165697175
17073,0.13276440124683994
17074,0.0002780845789460768
17075,0.2793526495348893
17076,0.03869229070024298
17077,0.10746287705863584
17078,0.10304236310531872
17079,0.02984132243575587
17080,0.04128414697003164
17081,0.053298726161549216
17082,0.16508713153179694
17083,0.1654870775347913
17084,0.001320104066956286
17085,0.00014346022629654163
17086,0.08410119529735173
17087,0.9539790884323684
17088,0.010560832535650301
17089,0.006276047419188573
17090,0.0029921704341850123
17091,0.004046584689394497
17092,0.09237672729057753
17093,0.014766094789288952
17094,0.07390238814029404
17095,0.1387021083376285
17096,0.0019948211962791153
17097,0.4920381415212429
17098,0.06764928944849419
17099,0.010824436099452672
17100,0.06043295780870332
17101,0.3875330731659426
17102,0.3446704955452471
17103,0.00040706379009891277
17104,0.22369057261370037
17105,0.0029898387453059444
17106,0.05960962619345655
17107,0.05904192131163631
17108,0.006925606852710899
17109,0.13263505387428515
17110,0.00026078099305402167
17111,0.28055003313452603
17112,0.03925042338561225
17113,0.10743771936283535
17114,0.10296529465184204
17115,0.029744741427975393
17116,0.041338143975652226
17117,0.05275544265272561
17118,0.16467221363178958
17119,0.1453841150627102
17120,0.0013212085511621618
17121,0.00014407382863313933
17122,0.0832345433571411
17123,0.9515840757921606
17124,0.01073620008344992
17125,0.006344402719485556
17126,0.0035056328694499667
17127,0.004034067201727904
17128,0.0925039884151879
17129,0.01476118597059617
17130,0.07450163218221532
17131,0.1385904327123677
17132,0.0019791129764622144
17133,0.486824607908107
17134,0.06594457943695846
17135,0.010896595734236559
17136,0.06055567827602287
17137,0.38855288024936796
17138,0.3455000859043272
17139,0.0004093954789779839
17140,0.2045604152860613
17141,0.0028820901749993877
17142,0.05947095206538546
17143,0.059243428318975014
17144,0.0069303929509363605
17145,0.13271617210318337
17146,0.00026986230763566764
17147,0.28057776796014033
17148,0.038952458090960394
17149,0.10751871487126627
17150,0.10349851508234548
17151,0.029792725130697327
17152,0.041295069091623074
17153,0.053018678055126015
17154,0.14958176864737505
17155,0.1480887514419655
17156,0.0013506614633188513
17157,0.0001437056672311807
17158,0.08396865719264661
17159,0.9566612669661044
17160,0.01108263996269298
17161,0.006447733352968609
17162,0.00369707679846845
17163,0.004107576761652309
17164,0.09251957391453748
17165,0.0148021746066809
17166,0.07610387060353924
17167,0.138745305942125
17168,0.001994821196279116
17169,0.49234764253982277
17170,0.06894865375647347
17171,0.011003485261271881
17172,0.06035981641018088
17173,0.38859018727143313
17174,0.3458344991777729
17175,0.00041442701813808504
17176,0.2094017377218171
17177,0.002918047271924013
17178,0.05683896620278329
17179,0.05573767272905774
17180,0.0070020617038509736
17181,0.1328398743342415
17182,0.00024077755688093683
17183,0.24203789608030812
17184,0.03681626291632919
17185,0.10724590727241491
17186,0.10046768770095475
17187,0.029532435019512585
17188,0.04050487200255257
17189,0.05050978082124536
17190,0.15150308028372977
17191,0.1480887514419655
17192,0.0013374076528483408
17193,0.00014419654910045887
17194,0.08359129175563901
17195,0.9539087696045945
17196,0.011076381218859678
17197,0.006586407481039688
17198,0.0038658174410328176
17199,0.0042219522371941196
17200,0.09259995582063177
17201,0.014794934099109047
17202,0.06745035957096923
17203,0.13863841641508964
17204,0.0020144564710502426
17205,0.49423999214589004
17206,0.06093856613405981
17207,0.011026065827258673
17208,0.06053395675330731
17209,0.29361485408536436
17210,0.2656137250570651
17211,0.00041037724271654024
17212,0.21342439192008428
17213,0.0030011290282993416
17214,0.05694757381636109
17215,0.05562796063127407
17216,0.006996416562354275
17217,0.1327953268046045
17218,0.00023525513585155748
17219,0.24187197800849206
17220,0.036748030336499524
17221,0.10693076111233836
17222,0.10152688805438972
17223,0.029541025452224957
17224,0.040450874996931965
17225,0.05032987261615492
17226,0.1494375720982746
17227,0.16295780870333562
17228,0.0013572883685541062
17229,0.0001456691947082933
17230,0.08227364209802915
17231,0.9536304395847139
17232,0.011197015438234785
17233,0.006557322730284958
17234,0.003932700095721966
17235,0.004159487519328475
17236,0.09277188719534646
17237,0.01481825098789976
17238,0.06743207422133862
17239,0.1385328768131949
17240,0.0021017107233144345
17241,0.4917634931153818
17242,0.060363866185602404
17243,0.011064354613062368
17244,0.06037208845691282
17245,0.2932477971676116
17246,0.2643200058905825
17247,0.0004146724590727241
17248,0.2068106177748324
17249,0.002972657879881208
17250,0.05685050192671133
17251,0.055323368431386945
17252,0.006971013425619129
17253,0.13272243084701668
17254,0.00022298308911960357
17255,0.24125236236899583
17256,0.03680227278305476
17257,0.10726222909456841
17258,0.10006921434356819
17259,0.029353385857693377
17260,0.040512112510124425
17261,0.050056696855901625
17262,0.1478739906241563
17263,0.14821392631863145
17264,0.00135900645509658
17265,0.00014566919470829332
17266,0.08395552610264342
17267,0.9542754583609455
17268,0.01132489016518175
17269,0.006528606140932188
17270,0.004167464349704245
17271,0.004210048351864125
17272,0.09299302947745627
17273,0.014781066686301938
17274,0.06511314827086861
17275,0.13860650909358654
17276,0.002106987703409175
17277,0.49376064600054
17278,0.06274120707851652
17279,0.01124242201114302
17280,0.060450261394595375
17281,0.29624217657020835
17282,0.26491323662960503
17283,0.0004146724590727241
17284,0.19734162923692408
17285,0.0029628402424956442
17286,0.05619726087916943
17287,0.055770316373364735
17288,0.006964386520383874
17289,0.13271531305991213
17290,0.00023378249024372306
17291,0.24222185406082017
17292,0.03687443241783865
17293,0.10748103968779915
17294,0.10030250595194264
17295,0.02945401664089539
17296,0.04051088530545122
17297,0.0502110792037896
17298,0.24038337873990617
17299,0.1482544240728469
17300,0.0013563066048155503
17301,0.00014579191517561285
17302,0.0846933215521685
17303,0.9536698328547236
17304,0.011469823037086123
17305,0.0067834965515548695
17306,0.0042300517880372104
17307,0.004248214417200501
17308,0.09277937314385293
17309,0.014786834548265957
17310,0.06717215227155585
17311,0.13860356380237088
17312,0.0021299364307979284
17313,0.4923266573399112
17314,0.06324460643546127
17315,0.011271015880028474
17316,0.06049787693591536
17317,0.29696635004786104
17318,0.26664089536852953
17319,0.00040964091991262303
17320,0.20900608693517891
17321,0.0030172054095181995
17322,0.05601330289865743
17323,0.05575423999214586
17324,0.006982917310949125
17325,0.1328600004908819
17326,0.00023709594286135062
17327,0.24282281618928395
17328,0.03687259161082886
17329,0.106592666224873
17330,0.10009302211422817
17331,0.029397197064526447
17332,0.04053727020592493
17333,0.05059310801855533
17334,0.1478739906241563
17335,0.16559310801855542
17336,0.0013765554819232743
17337,0.00014591463564293239
17338,0.08409039589622758
17339,0.9551823626144368
17340,0.011706918979947472
17341,0.0068238715853029975
17342,0.0043555948261050975
17343,0.0043865203838696215
17344,0.09227351937756179
17345,0.014789657119014305
17346,0.06801953709839728
17347,0.1387173256755761
17348,0.002099624475370003
17349,0.49234764253982277
17350,0.06331075276734652
17351,0.011342930073877728
17352,0.06033367695064182
17353,0.29412463490660967
17354,0.2687631004098863
17355,0.0004078001129028299
17356,0.22071104238764927
17357,0.003049358171955921
17358,0.056207078516554994
17359,0.05572994133961661
17360,0.006985371720295513
17361,0.13269003264364432
17362,0.0002470363007142333
17363,0.25409395478977964
17364,0.03685541074540412
17365,0.10682718503792067
17366,0.10113062366541492
17367,0.0295569791129765
17368,0.04053432491470927
17369,0.050399700562059745
17370,0.15219865989249695
17371,0.150039147829075
17372,0.0013777826865964695
17373,0.00014579191517561285
17374,0.08473246938124342
17375,0.9542687087352429
17376,0.01181356306604816
17377,0.007003534349458804
17378,0.0044113099182681685
17379,0.004212134599808557
17380,0.09320705397246154
17381,0.01478327565471369
17382,0.06696904989814201
17383,0.138700390251086
17384,0.002106619542007216
17385,0.49409051861669495
17386,0.06534754436344892
17387,0.011384041430429767
17388,0.06049959502245781
17389,0.29279115430871555
17390,0.2649876052328008
17391,0.00041160444738973565
17392,0.2050990354171268
17393,0.0030839653437400305
17394,0.05614571828289521
17395,0.05580099649019462
17396,0.006993103109736642
17397,0.1326081780919422
17398,0.00023783226566526786
17399,0.25185946052082553
17400,0.037096433743219706
17401,0.10692241612056064
17402,0.10125714846722136
17403,0.029681663107773145
17404,0.040530397859755055
17405,0.05018960312200868
17406,0.1650247895343986
17407,0.16363866185602444
17408,0.0013873548830473938
17409,0.00014591463564293239
17410,0.08388005301524189
17411,0.9562545713374075
17412,0.012011756620769209
17413,0.0068681736740053515
17414,0.004412414402474043
17415,0.004208452985788971
17416,0.09293351005080629
17417,0.014781803009105855
17418,0.06753147779986747
17419,0.13872775691529826
17420,0.0021471172962226645
17421,0.488832437473922
17422,0.06533159070269738
17423,0.011480990599612209
17424,0.06065876346857127
17425,0.29789215325331964
17426,0.2666308322902095
17427,0.00039785975504994734
17428,0.22332265665267634
17429,0.0031947819257295744
17430,0.056025574945389386
17431,0.05555015585499347
17432,0.007011756620769218
17433,0.13301045578381565
17434,0.0002261738212699116
17435,0.2526106325012883
17436,0.03703409174582137
17437,0.10685528802493684
17438,0.10082492698132198
17439,0.029596372382986066
17440,0.04052475271825835
17441,0.050387428515327785
17442,0.15215951206342204
17443,0.14804825368775007
17444,0.00139103649706698
17445,0.00014603735611025195
17446,0.08402093611172472
17447,0.9557111651081169
17448,0.012235966914562009
17449,0.007865768352845887
17450,0.004433154161451045
17451,0.004186117860736815
17452,0.09322300763321309
17453,0.014828559507154601
17454,0.0673038313329897
17455,0.13873168397025248
17456,0.0021457673710821496
17457,0.48890791056132343
17458,0.0654459661782392
17459,0.011846820312691752
17460,0.06047860982254619
17461,0.2968932086493385
17462,0.2684099109049407
17463,0.00040117320766757487
17464,0.2203690204452297
17465,0.003696217755197214
17466,0.05637385563164223
17467,0.05569472056549589
17468,0.007005743317870559
17469,0.13288994428490786
17470,0.0002357460177208357
17471,0.2541434111381094
17472,0.037430356134796165
17473,0.1074007805021722
17474,0.10129249196180937
17475,0.029531330535306703
17476,0.040456642858896
17477,0.050125543038067884
17478,0.15205470878433117
17479,0.15225670667353913
17480,0.0013893184105245068
17481,0.00014579191517561285
17482,0.08355226664703139
17483,0.957551726676975
17484,0.012199028053898825
17485,0.007965417372309354
17486,0.004530716932970079
17487,0.004313992587683774
17488,0.09264806224382102
17489,0.014774562501534003
17490,0.06610877942223203
17491,0.13871695751417418
17492,0.0021800063814643015
17493,0.48685123824951526
17494,0.06553420219424194
17495,0.011968190854870773
17496,0.06049861325871928
17497,0.29655229119112486
17498,0.267384213239084
17499,0.0004138134158014874
17500,0.20520469773948893
17501,0.0037241980217460695
17502,0.056112706477186254
17503,0.055713619517463106
17504,0.006963527477112637
17505,0.1327509019954348
17506,0.00023807770659990693
17507,0.2534702893748617
17508,0.03741624328105441
17509,0.10665598998600988
17510,0.10008099550843086
17511,0.02952863068502568
17512,0.040595316986967084
17513,0.05021991507743661
17514,0.15263517659475256
17515,0.16384655032766374
17516,0.0014089536852956329
17517,0.00014579191517561285
17518,0.08429889797020347
17519,0.9569485555800992
17520,0.012460299928822123
17521,0.008290381169771493
17522,0.004520531134182557
17523,0.004281717104778734
17524,0.09307304322214857
17525,0.014798615713128632
17526,0.06773543921655252
17527,0.13883317379672572
17528,0.0022640699015781863
17529,0.4945115725400682
17530,0.06526789878015854
17531,0.011915421053923377
17532,0.060617897552953874
17533,0.2942294381857005
17534,0.2676411898976511
17535,0.0004157769432786
17536,0.21017733107527664
17537,0.0036654149179000083
17538,0.05649105367793241
17539,0.055465846893944945
17540,0.006966840929730264
17541,0.13281177134722527
17542,0.00023341432884176446
17543,0.25254006823257963
17544,0.03737734089291411
17545,0.1066029747441278
17546,0.1012005743317871
17547,0.029589131875414218
17548,0.04066023611417912
17549,0.050330363498024194
17550,0.15579130157327647
17551,0.1634092973026042
17552,0.0014198758068870718
17553,0.00014579191517561285
17554,0.08398866062881968
17555,0.9587135213410888
17556,0.012505092899393751
17557,0.007945782097538226
17558,0.004526053555211937
17559,0.004410205434062293
17560,0.09269236433252337
17561,0.014829173109491197
17562,0.06722295854502612
17563,0.13883427828093164
17564,0.0027494293498269633
17565,0.4939992145890092
17566,0.06485973050585374
17567,0.011918366345139047
17568,0.0606067299904278
17569,0.29744434626807054
17570,0.26735512848832926
17571,0.0004107454041184989
17572,0.21160690179908198
17573,0.003627985175367549
17574,0.056438406597452306
17575,0.05575423999214586
17576,0.006981690106275926
17577,0.13311476818103724
17578,0.0002389367498711437
17579,0.25425692757038
17580,0.03744385538620132
17581,0.10733033895393077
17582,0.10146552782072998
17583,0.02958483665905803
17584,0.04066489949193725
17585,0.050202243330142594
17586,0.15172176815649321
17587,0.15227266033429065
17588,0.0014101808899688285
17589,0.00014591463564293239
17590,0.08368738188155021
17591,0.9565050438112066
17592,0.012495152541540875
17593,0.007961490317355126
17594,0.0045049456348329785
17595,0.004304052229830891
17596,0.0907203691431657
17597,0.014839727069680677
17598,0.06736740053506124
17599,0.13871315317968722
17600,0.0027408389171145963
17601,0.4927253761382325
17602,0.06535110325700118
17603,0.012032373659278901
17604,0.06119443830842108
17605,0.2933118572515524
17606,0.26869560415286053
17607,0.00040841371523942763
17608,0.20750337481285114
17609,0.0035336131359988243
17610,0.054445548928650334
17611,0.055650786638195504
17612,0.006984758117958916
17613,0.1327132268119677
17614,0.00023734138379598966
17615,0.2523488697444958
17616,0.037595415163340945
17617,0.10664948580124196
17618,0.10130218687872766
17619,0.02962251184252513
17620,0.04063446481604202
17621,0.05044731610337972
17622,0.16302309599194964
17623,0.15002613945953908
17624,0.0014208575706256288
17625,0.00014579191517561285
17626,0.0835830694843286
17627,0.9607601305745764
17628,0.0125675576172594
17629,0.007931669243796478
17630,0.004769776403308543
17631,0.004288957612350587
17632,0.09262572711876889
17633,0.01481334216920698
17634,0.06741734776526029
17635,0.1385422035687111
17636,0.0028761995925680483
17637,0.49283263382666975
17638,0.06559531698696708
17639,0.012104287853128148
17640,0.06103293817342856
17641,0.29634918881771094
17642,0.2661414230665391
17643,0.0004152860614093217
17644,0.212756792577866
17645,0.003466116878973076
17646,0.05524396828903125
17647,0.05569545688829981
17648,0.006990403259455617
17649,0.1326258498392362
17650,0.0002346415335149598
17651,0.252266769751859
17652,0.0374112117418943
17653,0.10741256166703486
17654,0.10013658788012662
17655,0.02976155413199817
17656,0.04063826915052892
17657,0.0503950371843016
17658,0.16267420170336017
17659,0.16308850600103092
17660,0.0014285889600667595
17661,0.00014591463564293239
17662,0.084641288074025
17663,0.9588832437473918
17664,0.012640821736249166
17665,0.008191223032177305
17666,0.004836168176128415
17667,0.004289693935154506
17668,0.09287975848612035
17669,0.014810642318925949
17670,0.06752436001276291
17671,0.1387331566158603
17672,0.0028765677539700067
17673,0.4942013351986845
17674,0.0657706845347667
17675,0.012239280367179639
17676,0.06086395208992955
17677,0.2961262057285914
17678,0.26599599931276546
17679,0.0003982279164519059
17680,0.2114202439682889
17681,0.003445131679061435
17682,0.055302015070073395
17683,0.05556242790172543
17684,0.006996784723756233
17685,0.13280833517414037
17686,0.00022531477799867482
17687,0.25289706207201224
17688,0.03771850379206244
17689,0.10688020027980272
17690,0.100554205630415
17691,0.029735905554328385
17692,0.04058770831799329
17693,0.05017266769751858
17694,0.15013572883685547
17695,0.1653518395798052
17696,0.0014223302162334629
17697,0.00014591463564293239
17698,0.0839361362688069
17699,0.9577310212797289
17700,0.013008860417740464
17701,0.00835247772623518
17702,0.004991532287754951
17703,0.004307733843850479
17704,0.09179552315735222
17705,0.014804260854625335
17706,0.06554365167022555
17707,0.13846464423336513
17708,0.002947132022678741
17709,0.49292430601575743
17710,0.06511106202292416
17711,0.012433055985077192
17712,0.060886532655916356
17713,0.29469675772525333
17714,0.26845752644626075
17715,0.0004113590064550967
17716,0.22378641729867696
17717,0.0032917310949120092
17718,0.05624794443217238
17719,0.059842181479027035
17720,0.007152885158186681
17721,0.1324178386471296
17722,0.0005880764793952337
17723,0.300532729548634
17724,0.04363706648994917
17725,0.10606177748324866
17726,0.1027158039417814
17727,0.03279949930049336
17728,0.03698831701151117
17729,0.03806015757308003
17730,0.16477014456471062
17731,0.1650390251086077
17732,0.0014125125788478992
17733,0.0001634636624696264
17734,0.08255381292491966
17735,0.9617723289890279
17736,0.014407382863313938
17737,0.008662837788086299
17738,0.004827455022948727
17739,0.004036644331541614
17740,0.093282895221265
17741,0.0160363743465135
17742,0.07644172005006991
17743,0.1391572785509166
17744,0.0029910659499791364
17745,0.49068637557371836
17746,0.07543197604496474
17747,0.012563139680435906
17748,0.06769481874186972
17749,0.39156873573374557
17750,0.3498794885010923
17751,0.0004047321012198415
17752,0.21371094421127548
17753,0.003357631985862603
17754,0.056107184056156854
17755,0.06000944947598356
17756,0.0071364406155658665
17757,0.1320631764965761
17758,0.0005934761799572932
17759,0.3013485752153743
17760,0.04373757455268388
17761,0.1064482242348379
17762,0.10270880887514419
17763,0.032901848170237856
17764,0.036973713275900134
17765,0.03789117148958103
17766,0.1524784625579855
17767,0.1503476670839163
17768,0.001413985224455734
17769,0.00016334094200230682
17770,0.08177895589426408
17771,0.9598035245318206
17772,0.015577154357803793
17773,0.008770095476523573
17774,0.00498122376850011
17775,0.004050634464816041
17776,0.09444468988537912
17777,0.015983481825098782
17778,0.07730689934467266
17779,0.1391959354981223
17780,0.0030464128807402495
17781,0.4871798836609971
17782,0.07646773678914166
17783,0.012724271654026462
17784,0.06780428539871874
17785,0.39242998797339423
17786,0.3484792479689762
17787,0.00041099084505313805
17788,0.22402609037135204
17789,0.0033433964116535357
17790,0.05630820018162628
17791,0.06002319416832336
17792,0.007101588002847118
17793,0.13232223940308768
17794,0.0005953169869670864
17795,0.299705102717031
17796,0.04370223105809586
17797,0.1064082173624917
17798,0.10240703924600546
17799,0.032801585548437796
17800,0.03693640625383499
17801,0.038024077755688085
17802,0.15172925410499968
17803,0.16547578725179793
17804,0.001414107944923054
17805,0.00016334094200230682
17806,0.08218921041651328
17807,0.9580590530888733
17808,0.01586260216478904
17809,0.009128316520629313
17810,0.005135851557322729
17811,0.004065851802763663
17812,0.09512161598311371
17813,0.015972682423974663
17814,0.07713803598164097
17815,0.13899884642760704
17816,0.0030886287214981724
17817,0.4871426993593993
17818,0.07756669857398815
17819,0.01281152590629066
17820,0.06788871708023461
17821,0.38920243968289014
17822,0.350316864246619
17823,0.0004118498883243748
17824,0.2199008418624057
17825,0.0033440100139901325
17826,0.056774660677907846
17827,0.05988795621333721
17828,0.007147240016689987
17829,0.1324832486562109
17830,0.000593598900424613
17831,0.3018765186657829
17832,0.04405861129519181
17833,0.10621382814225758
17834,0.10269862307635667
17835,0.03276391036497069
17836,0.03698586260216477
17837,0.037987997938296145
17838,0.1518277986402573
17839,0.16389882924674187
17840,0.001411898976511302
17841,0.00016334094200230682
17842,0.08067422624745361
17843,0.9585796333112429
17844,0.0161079203789608
17845,0.00905382519696635
17846,0.005174263063593746
17847,0.004070147019119848
17848,0.0950494563483298
17849,0.016047787349974224
17850,0.07631949046461967
17851,0.13909947721080906
17852,0.0030748840291583836
17853,0.49299855189848574
17854,0.07764069901578186
17855,0.01292025624033577
17856,0.0677630513216994
17857,0.39083805807132505
17858,0.3508977002184423
17859,0.0004124634906609725
17860,0.21402167243452852
17861,0.0033307562035196233
17862,0.05677171538669217
17863,0.059968706280833485
17864,0.007126868419114943
17865,0.13219878261296422
17866,0.0005950715460324474
17867,0.2996002994379401
17868,0.044175686621014634
17869,0.1058195272807599
17870,0.10287816312004516
17871,0.03283447463367943
17872,0.03696009130402767
17873,0.03800787865400191
17874,0.15219865989249695
17875,0.1520617038509683
17876,0.0014170532361387222
17877,0.00016309550106766775
17878,0.0805556782760229
17879,0.9589168691554367
17880,0.016281201678816
17881,0.009153965098299095
17882,0.005363375303733156
17883,0.004030999190044915
17884,0.0949175318459613
17885,0.016060672999042774
17886,0.07645239673072672
17887,0.1391656235426943
17888,0.003082860859534153
17889,0.49084468497656053
17890,0.0768679282330707
17891,0.0130454311170017
17892,0.06780993054021547
17893,0.3919794811378642
17894,0.35062231548977735
17895,0.0004172495888864344
17896,0.22397994747563985
17897,0.0033042485825786035
17898,0.05632759001546276
17899,0.05997741943401316
17900,0.007163439118376166
17901,0.13270230469037625
17902,0.0005859902314508014
17903,0.30097906388827517
17904,0.044101318017819004
17905,0.10577129813710336
17906,0.10291755639005476
17907,0.032967380899786486
17908,0.03696855901627272
17909,0.03803880421176643
17910,0.15765186657830801
17911,0.1468689099968093
17912,0.0014187713226811965
17913,0.0001634636624696264
17914,0.08255651277520065
17915,0.9600009817637382
17916,0.016343420955747
17917,0.009155928625776206
17918,0.00577007093243011
17919,0.004012591119946985
17920,0.0960556414598827
17921,0.016050119038853297
17922,0.07545001595366072
17923,0.13909788184473396
17924,0.003066170875978695
17925,0.4914249073460472
17926,0.07665905799769282
17927,0.012885158186682379
17928,0.06778145939179733
17929,0.3903448445131679
17930,0.3512566575853521
17931,0.0004172495888864345
17932,0.21189198144466523
17933,0.003335910463147044
17934,0.05552242102937928
17935,0.059882556512775166
17936,0.0071505534693076115
17937,0.13238372235721477
17938,0.0005965441916402818
17939,0.30018015364602496
17940,0.04411273102127972
17941,0.10565876346857131
17942,0.1025763934909064
17943,0.03282735684657489
17944,0.036964018358981894
17945,0.03803082738139066
17946,0.16488672900866416
17947,0.1501711950519108
17948,0.0014253982279164511
17949,0.00016935424490096426
17950,0.08178521463809733
17951,0.9605246299977904
17952,0.01660444738973566
17953,0.009356822030778292
17954,0.005766143877475883
17955,0.004028790221633164
17956,0.09613749601158487
17957,0.01601722995361166
17958,0.07600434430454306
17959,0.13915715583044927
17960,0.0031725695211447347
17961,0.4928696954078003
17962,0.07576749380261635
17963,0.012919888078933815
17964,0.06794553665660356
17965,0.3889383452372186
17966,0.35074123162261
17967,0.0004114817269224162
17968,0.22378641729867696
17969,0.003297621677343347
17970,0.055372947500184067
17971,0.059864025722209925
17972,0.007175097562771523
17973,0.13277740961637582
17974,0.0005895491250030681
17975,0.30078872444346244
17976,0.04416721890876959
17977,0.10609785730064064
17978,0.10288147657266275
17979,0.032976584934835455
17980,0.03691014407382861
17981,0.038057703163733636
17982,0.13866651940210595
17983,0.15245784551947586
17984,0.0014285889600667595
17985,0.00016935424490096426
17986,0.08226087916942791
17987,0.961906339739341
17988,0.01857128831946592
17989,0.009332523378249023
17990,0.005837935350857816
17991,0.004123284981469208
17992,0.09621211005571513
17993,0.016041774047075564
17994,0.07650209851999111
17995,0.1391943401320471
17996,0.0031572294627297912
17997,0.4928975529538817
17998,0.0769842672360896
17999,0.013089855926171371
18000,0.067962226640159
18001,0.3893900792774218
18002,0.35749539798247554
18003,0.00041774047075571267
18004,0.215609920722578
18005,0.003347200746140441
18006,0.05521758338855753
18007,0.05964177895589422
18008,0.007137545099771742
18009,0.13251638318238715
18010,0.0005881991998625531
18011,0.29908327810912283
18012,0.044196180939057014
18013,0.1058165819895442
18014,0.10239034926244997
18015,0.03245440934639082
18016,0.036933829124021295
18017,0.03796431288810347
18018,0.16312605846403072
18019,0.16556058709471572
18020,0.0014214711729622258
18021,0.00016923152443364475
18022,0.08215926662248732
18023,0.9639176054782409
18024,0.0185969368971357
18025,0.009792356969295335
18026,0.005905431607883562
18027,0.004092850305573963
18028,0.09440112411948069
18029,0.01600765775716073
18030,0.07468276759197895
18031,0.1391809636011093
18032,0.003175023930491127
18033,0.49321380359816425
18034,0.07558132685369262
18035,0.013071816017475401
18036,0.06773151216159827
18037,0.3921029379279877
18038,0.35663844095918307
18039,0.00041639054561519776
18040,0.22235819650001218
18041,0.003384139606803622
18042,0.055353803107282225
18043,0.06002761210514685
18044,0.007132881722013601
18045,0.1327245170949611
18046,0.0005896718454703877
18047,0.30186314213484505
18048,0.044125862111282915
18049,0.10609491200942495
18050,0.10263456299241591
18051,0.032436123996760206
18052,0.03692499325037428
18053,0.037957440541933576
18054,0.16521930147510008
18055,0.16552303463171594
18056,0.0014226983776354216
18057,0.00016923152443364475
18058,0.08205581326853695
18059,0.9600974400510512
18060,0.019408241906585175
18061,0.009796652185651521
18062,0.0063170360552733
18063,0.004070392460054487
18064,0.09630672753601846
18065,0.016046069263431748
18066,0.07638035981641014
18067,0.13919765358466474
18068,0.003226566526765334
18069,0.48952409002773495
18070,0.07682227621922783
18071,0.013075865792896949
18072,0.06771519033944479
18073,0.3893911837616277
18074,0.3587035809832363
18075,0.00041135900645509663
18076,0.22307893380457983
18077,0.003414942444100827
18078,0.05555788724443461
18079,0.06004368848636572
18080,0.0071471172962226685
18081,0.13265383010578505
18082,0.0005929852980880153
18083,0.3018765186657829
18084,0.04418734506541001
18085,0.10607895834867337
18086,0.10243771936283533
18087,0.03146417789558945
18088,0.036991262302726834
18089,0.03799793829614902
18090,0.15630034607171794
18091,0.1395458115504504
18092,0.0014239255823086168
18093,0.00016923152443364475
18094,0.08204906364283439
18095,0.961646295069091
18096,0.019396460741722497
18097,0.009796897626586162
18098,0.006370419458557299
18099,0.004089168691554377
18100,0.09601354833959208
18101,0.016041774047075567
18102,0.07621763247674444
18103,0.13917225044792958
18104,0.0032160125665758525
18105,0.4874987114350934
18106,0.0763084456225609
18107,0.013091205851311887
18108,0.06786343666396677
18109,0.3923530422403848
18110,0.3631026188547725
